<?xml version="1.0" encoding="UTF-8"?>     
<!--
Created with SetEditNeutrino version 1.10
http://www.setedit.de
//-->
<zapit>
	<sat name="Astra 19.2E" diseqc="0">
		<transponder id="041c" onid="0001" frequency="10758000" inversion="2" symbol_rate="22000000" fec_inner="5" polarization="1">
			<channel service_id="749a" name="DIVINITY" service_type="0001"/>
			<channel service_id="749b" name="FOX NEWS" service_type="0001"/>
			<channel service_id="749c" name="BabyTV" service_type="0001"/>
			<channel service_id="749d" name="M+ VACACIONES" service_type="0001"/>
			<channel service_id="749e" name="BOING" service_type="0001"/>
			<channel service_id="749f" name="ENERGY" service_type="0001"/>
			<channel service_id="74a0" name="unknown" service_type="0001"/>
			<channel service_id="74a1" name="EUROSPORT 1" service_type="0001"/>
			<channel service_id="74a2" name="unknown" service_type="0001"/>
			<channel service_id="74a3" name="GOL PLAY" service_type="0001"/>
			<channel service_id="74a4" name="DAZN F1" service_type="0001"/>
			<channel service_id="74a5" name="10758V SID 0x74a5" service_type="0064"/>
			<channel service_id="74a6" name="LA SEXTA" service_type="0001"/>
			<channel service_id="74a7" name="EUROSPORT 2" service_type="0001"/>
			<channel service_id="74a8" name="BE MAD" service_type="0001"/>
		</transponder>
		<transponder id="041e" onid="0001" frequency="10788000" inversion="2" symbol_rate="22000000" fec_inner="5" polarization="1">
			<channel service_id="768e" name="ALQUILER 1" service_type="0001"/>
			<channel service_id="768f" name="10788V SID 0x768f" service_type="0001"/>
			<channel service_id="7690" name="10788V SID 0x7690" service_type="0001"/>
			<channel service_id="7691" name="DAZN LaLiga 2" service_type="0001"/>
			<channel service_id="7692" name="MULTIDEPORTE" service_type="0001"/>
			<channel service_id="7693" name="10788V SID 0x7693" service_type="0001"/>
			<channel service_id="7694" name="10788V SID 0x7694" service_type="0001"/>
			<channel service_id="7695" name="ALQUILER XY" service_type="0001"/>
			<channel service_id="7696" name="M+ SERIES 2" service_type="0001"/>
			<channel service_id="7697" name="NICK JR" service_type="0001"/>
			<channel service_id="7698" name="10788V SID 0x7698" service_type="0064"/>
			<channel service_id="7699" name="MEZZO" service_type="0001"/>
			<channel service_id="769a" name="LALIGATVBAR3" service_type="0001"/>
			<channel service_id="769b" name="M+DEPORTES6" service_type="0001"/>
			<channel service_id="769c" name="10788V SID 0x769c" service_type="0001"/>
			<channel service_id="769d" name="M+ LaLigaTV 2" service_type="0001"/>
			<channel service_id="769e" name="M+LCampeones BAR" service_type="0001"/>
			<channel service_id="769f" name="M+LCAMPEON3" service_type="0001"/>
			<channel service_id="76a1" name="10788V SID 0x76a1" service_type="0064"/>
			<channel service_id="76a3" name="MULTIDEPORTE" service_type="0001"/>
			<channel service_id="76a4" name="DAZN 1" service_type="0001"/>
			<channel service_id="76a5" name="SUNDANCE TV" service_type="0001"/>
			<channel service_id="76a6" name="10788V SID 0x76a6" service_type="0001"/>
			<channel service_id="76a7" name="TEST F1" service_type="0001"/>
		</transponder>
		<transponder id="0422" onid="0001" frequency="10847000" inversion="2" symbol_rate="22000000" fec_inner="5" polarization="1">
			<channel service_id="7596" name="TEST RA" service_type="0001"/>
			<channel service_id="7598" name="TEST RA ESP" service_type="0002"/>
			<channel service_id="7599" name="10847V SID 0x7599" service_type="0002"/>
			<channel service_id="759b" name="10847V SID 0x759b" service_type="0001"/>
			<channel service_id="759c" name="PORTADA" service_type="0001"/>
			<channel service_id="759e" name="BAJO DEMANDA" service_type="0001"/>
			<channel service_id="75a6" name="" service_type="0001"/>
			<channel service_id="75a7" name="10847V SID 0x75a7" service_type="0064"/>
			<channel service_id="75a8" name="10847V SID 0x75a8" service_type="0064"/>
			<channel service_id="75a9" name="GUÍA" service_type="0001"/>
			<channel service_id="75aa" name="" service_type="0001"/>
			<channel service_id="75ab" name="" service_type="0001"/>
			<channel service_id="75ad" name="10847V SID 0x75ad" service_type="0064"/>
			<channel service_id="75af" name="" service_type="0001"/>
			<channel service_id="75b0" name="ALQUILER" service_type="0001"/>
			<channel service_id="75b2" name="ALQUILER" service_type="0001"/>
			<channel service_id="75c6" name="PORTADA" service_type="0001"/>
			<channel service_id="75c7" name="" service_type="0001"/>
			<channel service_id="75ca" name="" service_type="0001"/>
			<channel service_id="75cf" name="" service_type="0001"/>
			<channel service_id="75d6" name="10847V SID 0x75d6" service_type="0064"/>
			<channel service_id="75d9" name="CONTRATO" service_type="0001"/>
			<channel service_id="75dd" name="TEST TÉCNICO" service_type="0001"/>
			<channel service_id="75de" name="TEST_CSD1" service_type="0001"/>
			<channel service_id="75df" name="TEST_CSD2" service_type="0001"/>
			<channel service_id="75e0" name="TEST_CSD3" service_type="0001"/>
			<channel service_id="75e1" name="TEST_CSD4" service_type="0001"/>
			<channel service_id="75e2" name="TEST_CSD5" service_type="0001"/>
			<channel service_id="75e3" name="" service_type="0001"/>
			<channel service_id="75ee" name="" service_type="0001"/>
			<channel service_id="75ef" name="" service_type="0001"/>
			<channel service_id="75f1" name="" service_type="0001"/>
			<channel service_id="75f2" name="" service_type="0001"/>
			<channel service_id="75f3" name="" service_type="0001"/>
			<channel service_id="75f4" name="10847V SID 0x75f4" service_type="0001"/>
			<channel service_id="75f5" name="" service_type="0001"/>
			<channel service_id="75f6" name="unknown" service_type="0001"/>
		</transponder>
		<transponder id="0424" onid="0001" frequency="10876000" inversion="2" symbol_rate="22000000" fec_inner="5" polarization="1">
			<channel service_id="7789" name="M+ GOLF" service_type="0001"/>
			<channel service_id="778a" name="CANAL ODISEA" service_type="0001"/>
			<channel service_id="778b" name="PLAYBOY TV" service_type="0001"/>
			<channel service_id="778c" name="TELECINCO" service_type="0001"/>
			<channel service_id="778d" name="NAT GEOGRAPH" service_type="0001"/>
			<channel service_id="778e" name="M+ #VAMOS BAR" service_type="0001"/>
			<channel service_id="778f" name="M+ DEPORTES" service_type="0001"/>
			<channel service_id="7790" name="CALLE 13" service_type="0001"/>
			<channel service_id="7791" name="10876V SID 0x7791" service_type="0064"/>
			<channel service_id="7792" name="CUATRO" service_type="0001"/>
			<channel service_id="7793" name="LALIGATV BAR" service_type="0001"/>
			<channel service_id="7794" name="10876V SID 0x7794" service_type="0064"/>
			<channel service_id="7795" name="CANAL DECASA" service_type="0001"/>
			<channel service_id="7796" name="SYFY" service_type="0001"/>
			<channel service_id="7797" name="M+ LaLigaTV" service_type="0001"/>
			<channel service_id="7798" name="R. MADRID TV" service_type="0001"/>
		</transponder>
		<transponder id="000f" onid="0085" frequency="10920000" inversion="2" symbol_rate="22000000" fec_inner="7" polarization="0">
			<channel service_id="0021" name="Genius family" service_type="0016"/>
			<channel service_id="0023" name="Schlager Deluxe" service_type="0001"/>
			<channel service_id="0025" name="." service_type="0016"/>
			<channel service_id="0026" name="HGTV" service_type="0001"/>
			<channel service_id="0027" name="." service_type="0019"/>
			<channel service_id="0037" name="." service_type="0019"/>
			<channel service_id="0038" name="." service_type="0001"/>
			<channel service_id="0039" name="." service_type="0016"/>
			<channel service_id="003a" name="." service_type="0016"/>
			<channel service_id="003b" name="." service_type="0001"/>
		</transponder>
		<transponder id="040a" onid="0001" frequency="10979000" inversion="2" symbol_rate="22000000" fec_inner="5" polarization="1">
			<channel service_id="77bc" name="FDF" service_type="0001"/>
			<channel service_id="77bd" name="M+ LaLigaTV 3" service_type="0001"/>
			<channel service_id="77be" name="DAZN 3" service_type="0001"/>
			<channel service_id="77bf" name="M+DEPORTES4" service_type="0001"/>
			<channel service_id="77c0" name="DAZN 4" service_type="0001"/>
			<channel service_id="77c1" name="HOLLYWOOD" service_type="0001"/>
			<channel service_id="77c2" name="M+DEPORTES3" service_type="0001"/>
			<channel service_id="77c3" name="Gol Mundial" service_type="0001"/>
			<channel service_id="77c4" name="M+LCAMPEON5" service_type="0001"/>
			<channel service_id="77c6" name="unknown" service_type="0001"/>
			<channel service_id="77c7" name="DreamWorks" service_type="0001"/>
			<channel service_id="77c8" name="M+DEPORTES5" service_type="0001"/>
			<channel service_id="77c9" name="M+LCampeones BAR 3 " service_type="0001"/>
			<channel service_id="77ca" name="10979V SID 0x77ca" service_type="0064"/>
			<channel service_id="77cb" name="10979V SID 0x77cb" service_type="0064"/>
			<channel service_id="77d8" name="M+LCAMPEON4" service_type="0001"/>
		</transponder>
		<transponder id="040e" onid="0001" frequency="11038000" inversion="2" symbol_rate="22000000" fec_inner="5" polarization="1">
			<channel service_id="76c0" name="M+ ESTRENOS" service_type="0001"/>
			<channel service_id="76c1" name="CLAN  TVE" service_type="0001"/>
			<channel service_id="76c2" name="LA 1" service_type="0001"/>
			<channel service_id="76c3" name="DISNEY CH." service_type="0001"/>
			<channel service_id="76c4" name="ENFAMILIA" service_type="0001"/>
			<channel service_id="76c5" name="LALIGATVBAR2" service_type="0001"/>
			<channel service_id="76c6" name="11038V SID 0x76c6" service_type="0064"/>
			<channel service_id="76c7" name="TCM" service_type="0001"/>
			<channel service_id="76c8" name="COMEDY CENTRAL" service_type="0001"/>
			<channel service_id="76c9" name="DAZN LaLiga" service_type="0001"/>
			<channel service_id="76ca" name="M+ SERIES" service_type="0001"/>
			<channel service_id="76cb" name="TNT" service_type="0001"/>
			<channel service_id="76cc" name="TELEDEPORTE" service_type="0001"/>
			<channel service_id="76cd" name="11038V SID 0x76cd" service_type="0064"/>
			<channel service_id="76ce" name="CANAL COCINA" service_type="0001"/>
			<channel service_id="76cf" name="AMC" service_type="0001"/>
		</transponder>
		<transponder id="0410" onid="0001" frequency="11067000" inversion="2" symbol_rate="22000000" fec_inner="5" polarization="1">
			<channel service_id="7a47" name="Promo TSA" service_type="0019"/>
			<channel service_id="7a49" name="Telesur HD" service_type="0019"/>
			<channel service_id="7a4a" name="SENDER NEU JERUSALEM" service_type="0016"/>
			<channel service_id="7a4b" name="I24 Francis" service_type="0001"/>
			<channel service_id="7a4c" name="SACHSEN EINS" service_type="0001"/>
		</transponder>
		<transponder id="0412" onid="0001" frequency="11097000" inversion="2" symbol_rate="22000000" fec_inner="5" polarization="1">
			<channel service_id="7562" name="11097V SID 0x7562" service_type="0001"/>
			<channel service_id="7563" name="11097V SID 0x7563" service_type="0001"/>
			<channel service_id="7564" name="11097V SID 0x7564" service_type="0064"/>
			<channel service_id="7565" name="11097V SID 0x7565" service_type="0001"/>
			<channel service_id="7566" name="11097V SID 0x7566" service_type="0001"/>
			<channel service_id="7567" name="11097V SID 0x7567" service_type="0001"/>
			<channel service_id="7568" name="ALQUILER X" service_type="0001"/>
			<channel service_id="7569" name="ALQUILER XX" service_type="0001"/>
			<channel service_id="756a" name="11097V SID 0x756a" service_type="0001"/>
			<channel service_id="756b" name="PARAMOUNT" service_type="0001"/>
			<channel service_id="756c" name="M+#VAMOSBAR2" service_type="0001"/>
			<channel service_id="756d" name="11097V SID 0x756d" service_type="0001"/>
			<channel service_id="756e" name="11097V SID 0x756e" service_type="0001"/>
			<channel service_id="756f" name="11097V SID 0x756f" service_type="0001"/>
			<channel service_id="7570" name="TOROS" service_type="0001"/>
			<channel service_id="7571" name="11097V SID 0x7571" service_type="0001"/>
			<channel service_id="7572" name="11097V SID 0x7572" service_type="0001"/>
			<channel service_id="7573" name="11097V SID 0x7573" service_type="0001"/>
			<channel service_id="7574" name="DAZN 1 BAR" service_type="0001"/>
			<channel service_id="7575" name="11097V SID 0x7575" service_type="0001"/>
			<channel service_id="7576" name="11097V SID 0x7576" service_type="0001"/>
			<channel service_id="7577" name="CLASSICA" service_type="0001"/>
			<channel service_id="7578" name="11097V SID 0x7578" service_type="0001"/>
			<channel service_id="7579" name="Gol Mundial." service_type="0001"/>
			<channel service_id="757a" name="11097V SID 0x757a" service_type="0001"/>
			<channel service_id="757b" name="M+LCAMPEONES" service_type="0001"/>
			<channel service_id="757c" name="11097V SID 0x757c" service_type="0001"/>
			<channel service_id="757d" name="11097V SID 0x757d" service_type="0001"/>
			<channel service_id="757e" name="11097V SID 0x757e" service_type="0001"/>
			<channel service_id="757f" name="M+ Fest" service_type="0001"/>
			<channel service_id="7580" name="11097V SID 0x7580" service_type="0001"/>
			<channel service_id="7581" name="11097V SID 0x7581" service_type="0001"/>
			<channel service_id="7582" name="DAZN 2 BAR" service_type="0001"/>
			<channel service_id="7583" name="11097V SID 0x7583" service_type="0001"/>
			<channel service_id="7584" name="M+#VAMOSBAR3" service_type="0001"/>
			<channel service_id="7585" name="11097V SID 0x7585" service_type="0001"/>
			<channel service_id="7586" name="11097V SID 0x7586" service_type="0001"/>
			<channel service_id="7587" name="NEOX" service_type="0001"/>
			<channel service_id="7588" name="M+ ESTRENOS 2" service_type="0001"/>
		</transponder>
		<transponder id="0416" onid="0001" frequency="11156000" inversion="2" symbol_rate="22000000" fec_inner="5" polarization="1">
			<channel service_id="7725" name="11156V SID 0x7725" service_type="0064"/>
			<channel service_id="7726" name="11156V SID 0x7726" service_type="0064"/>
			<channel service_id="7727" name="11156V SID 0x7727" service_type="0064"/>
			<channel service_id="7728" name="11156V SID 0x7728" service_type="0064"/>
			<channel service_id="7729" name="CANAL SUR A." service_type="0001"/>
			<channel service_id="772a" name="DAZN 2" service_type="0001"/>
			<channel service_id="772b" name="CAZA Y PESCA" service_type="0001"/>
			<channel service_id="772c" name="ANTENA 3" service_type="0001"/>
			<channel service_id="772d" name="AMC BREAK" service_type="0001"/>
			<channel service_id="772e" name="NICKELODEON" service_type="0001"/>
			<channel service_id="772f" name="DISCOVERY" service_type="0001"/>
			<channel service_id="7730" name="COSMO" service_type="0001"/>
			<channel service_id="7731" name="HISTORIA" service_type="0001"/>
			<channel service_id="7732" name="AMC CRIME" service_type="0001"/>
			<channel service_id="7733" name="M+ #VAMOS" service_type="0001"/>
			<channel service_id="7734" name="M+ #VAMOS" service_type="0001"/>
			<channel service_id="7736" name="M+Cine Español" service_type="0001"/>
			<channel service_id="7737" name="11156V SID 0x7737" service_type="0064"/>
			<channel service_id="7738" name="24 HORAS" service_type="0001"/>
			<channel service_id="7739" name="M+DEPORTES2" service_type="0001"/>
		</transponder>
		<transponder id="03eb" onid="0001" frequency="11243000" inversion="2" symbol_rate="22000000" fec_inner="5" polarization="0">
			<channel service_id="33a5" name="ORF SPORT+" service_type="0001"/>
			<channel service_id="33a6" name="StarParadies D" service_type="0001"/>
			<channel service_id="33a7" name="ATV2 HD" service_type="0019"/>
			<channel service_id="33a8" name="Bibel TV HD" service_type="0019"/>
			<channel service_id="33a9" name="Schau TV HD" service_type="0019"/>
			<channel service_id="33aa" name="StarParadies AT" service_type="0001"/>
			<channel service_id="33ab" name="Hope TV" service_type="0019"/>
			<channel service_id="33ac" name="ATV HD" service_type="0019"/>
			<channel service_id="33ad" name="RTLup Austria" service_type="0016"/>
			<channel service_id="33b0" name="Service 13232" service_type="0001"/>
			<channel service_id="33b1" name="Service 13233" service_type="0001"/>
		</transponder>
		<transponder id="03f0" onid="0001" frequency="11317000" inversion="2" symbol_rate="22000000" fec_inner="5" polarization="1">
			<channel service_id="7468" name="M+ Ellas #V" service_type="0001"/>
			<channel service_id="7469" name="NOVA" service_type="0001"/>
			<channel service_id="746a" name="IBERALIA TV" service_type="0001"/>
			<channel service_id="746b" name="DISNEY JR" service_type="0001"/>
			<channel service_id="746c" name="M+ ACCIÓN" service_type="0001"/>
			<channel service_id="746d" name="M+ COMEDIA" service_type="0001"/>
			<channel service_id="746e" name="M+ DRAMA" service_type="0001"/>
			<channel service_id="746f" name="FOX" service_type="0001"/>
			<channel service_id="7471" name="AXN WHITE" service_type="0001"/>
			<channel service_id="7472" name="NAT GEO WILD" service_type="0001"/>
			<channel service_id="7473" name="ARAGON TV INT" service_type="0001"/>
			<channel service_id="7474" name="LA 2" service_type="0001"/>
			<channel service_id="7476" name="11317V SID 0x7476" service_type="0064"/>
			<channel service_id="7477" name="AXN" service_type="0001"/>
			<channel service_id="7478" name="M+ #0" service_type="0001"/>
		</transponder>
		<transponder id="03f5" onid="0001" frequency="11391000" inversion="2" symbol_rate="22000000" fec_inner="5" polarization="0">
			<channel service_id="3070" name="." service_type="0001"/>
			<channel service_id="307a" name="RTL UHD" service_type="001f"/>
		</transponder>
		<transponder id="03f7" onid="0001" frequency="11420000" inversion="2" symbol_rate="22000000" fec_inner="5" polarization="0">
			<channel service_id="125c" name="SES 01" service_type="0001"/>
			<channel service_id="125d" name="SES 02" service_type="0001"/>
			<channel service_id="125e" name="." service_type="0001"/>
			<channel service_id="125f" name="SES 04" service_type="0001"/>
			<channel service_id="1260" name="3+" service_type="0019"/>
			<channel service_id="1261" name="SES 06" service_type="0001"/>
			<channel service_id="1262" name="SES 07" service_type="0001"/>
			<channel service_id="1263" name="SES 08" service_type="0001"/>
			<channel service_id="1264" name="SES 09" service_type="0001"/>
			<channel service_id="1265" name="SES 10" service_type="0001"/>
			<channel service_id="1266" name="." service_type="0001"/>
			<channel service_id="1267" name="." service_type="0001"/>
			<channel service_id="1268" name="." service_type="0019"/>
			<channel service_id="1269" name="Die Neue Zeit TV" service_type="0016"/>
			<channel service_id="126a" name="." service_type="0001"/>
			<channel service_id="126b" name="." service_type="0001"/>
			<channel service_id="126c" name="." service_type="0001"/>
			<channel service_id="126d" name="." service_type="0001"/>
			<channel service_id="126e" name=".1." service_type="0001"/>
			<channel service_id="126f" name=".2." service_type="0001"/>
			<channel service_id="1270" name=".3." service_type="0001"/>
			<channel service_id="12b5" name="11420H SID 0x12b5" service_type="0064"/>
			<channel service_id="12b6" name="11420H SID 0x12b6" service_type="0064"/>
			<channel service_id="12b7" name="11420H SID 0x12b7" service_type="0064"/>
			<channel service_id="12b8" name="11420H SID 0x12b8" service_type="0064"/>
			<channel service_id="12b9" name="11420H SID 0x12b9" service_type="0064"/>
			<channel service_id="12ba" name="11420H SID 0x12ba" service_type="0064"/>
			<channel service_id="12bb" name="11420H SID 0x12bb" service_type="0064"/>
			<channel service_id="12bc" name="11420H SID 0x12bc" service_type="0064"/>
		</transponder>
		<transponder id="03fc" onid="0001" frequency="11508000" inversion="2" symbol_rate="22000000" fec_inner="5" polarization="1">
			<channel service_id="1b58" name="DATASYSTEM" service_type="000c"/>
			<channel service_id="1b64" name="Arirang  HD" service_type="0001"/>
		</transponder>
		<transponder id="03fe" onid="0001" frequency="11538000" inversion="2" symbol_rate="22000000" fec_inner="5" polarization="1">
			<channel service_id="1af4" name="DATASYSTEM" service_type="000c"/>
			<channel service_id="1af9" name="France 24 (en Francais)" service_type="0001"/>
			<channel service_id="1afa" name="France 24 (In English)" service_type="0001"/>
			<channel service_id="1b03" name="TV5MONDE EUROPE HD" service_type="0001"/>
			<channel service_id="1b06" name="TRT World HD" service_type="0001"/>
		</transponder>
		<transponder id="0404" onid="0001" frequency="11626000" inversion="2" symbol_rate="22000000" fec_inner="5" polarization="1">
			<channel service_id="1146" name="CNN Int." service_type="0001"/>
			<channel service_id="118a" name="Test 1" service_type="0001"/>
			<channel service_id="118b" name="Test 2" service_type="0001"/>
			<channel service_id="118c" name="Test 3" service_type="0001"/>
		</transponder>
		<transponder id="0408" onid="0001" frequency="11685000" inversion="2" symbol_rate="22000000" fec_inner="5" polarization="1">
			<channel service_id="75f9" name="TEST LIG8" service_type="0001"/>
			<channel service_id="75fa" name="Liga SmartBank 2" service_type="0001"/>
			<channel service_id="75fb" name="." service_type="0001"/>
			<channel service_id="75fe" name="TEST LIG9" service_type="0001"/>
			<channel service_id="75ff" name="M+DEPORTES7" service_type="0001"/>
			<channel service_id="7600" name="M+ La Resistencia" service_type="0001"/>
			<channel service_id="7601" name="M+LCAMPEON7" service_type="0001"/>
			<channel service_id="7602" name="M+LCAMPEON13" service_type="0001"/>
			<channel service_id="7603" name="11685V SID 0x7603" service_type="0064"/>
			<channel service_id="7604" name="M+LCAMPEON9" service_type="0001"/>
			<channel service_id="7606" name="Liga SmartBank 3" service_type="0001"/>
			<channel service_id="7607" name="Liga SmartBank" service_type="0001"/>
			<channel service_id="7608" name="M+LCAMPEON10" service_type="0001"/>
			<channel service_id="7609" name="11685V SID 0x7609" service_type="0064"/>
			<channel service_id="760a" name="M+LCAMPEON8" service_type="0001"/>
			<channel service_id="760b" name="TEST ANCAM10" service_type="0001"/>
			<channel service_id="760d" name="M+LCAMPEON11" service_type="0001"/>
			<channel service_id="760e" name="M+LCAMPEON6" service_type="0001"/>
			<channel service_id="760f" name="M+LCAMPEON12" service_type="0001"/>
			<channel service_id="7610" name="LALIGATVBAR4" service_type="0001"/>
		</transponder>
		<transponder id="042a" onid="0001" frequency="11739000" inversion="2" symbol_rate="27500000" fec_inner="3" polarization="1">
			<channel service_id="17d5" name="CNN Int." service_type="0001"/>
		</transponder>
		<transponder id="044d" onid="0001" frequency="11836000" inversion="2" symbol_rate="27500000" fec_inner="3" polarization="0">
			<channel service_id="6dca" name="Das Erste" service_type="0001"/>
			<channel service_id="6dcb" name="BR Fernsehen Süd" service_type="0001"/>
			<channel service_id="6dcc" name="hr-fernsehen" service_type="0001"/>
			<channel service_id="6dce" name="BR Fernsehen Nord" service_type="0001"/>
			<channel service_id="6dcf" name="WDR Köln" service_type="0001"/>
			<channel service_id="6dd1" name="SWR Fernsehen BW" service_type="0001"/>
		</transponder>
		<transponder id="0437" onid="0001" frequency="11953000" inversion="2" symbol_rate="27500000" fec_inner="3" polarization="0">
			<channel service_id="6d66" name="ZDF" service_type="0001"/>
			<channel service_id="6d67" name="3sat" service_type="0001"/>
			<channel service_id="6d68" name="KiKA" service_type="0001"/>
			<channel service_id="6d6b" name="ZDFinfo" service_type="0001"/>
			<channel service_id="6d6c" name="Dlf Kultur" service_type="0002"/>
			<channel service_id="6d6d" name="Dlf" service_type="0002"/>
			<channel service_id="6d6e" name="zdf_neo" service_type="0001"/>
			<channel service_id="6d6f" name="DRadio DokDeb" service_type="0002"/>
			<channel service_id="6d71" name="Dlf Nova" service_type="0002"/>
		</transponder>
		<transponder id="0436" onid="0001" frequency="11973000" inversion="2" symbol_rate="27500000" fec_inner="3" polarization="1">
			<channel service_id="6fec" name="Comedy Central HD" service_type="0019"/>
			<channel service_id="6fed" name="Comedy Central HD AT" service_type="0019"/>
			<channel service_id="6ff0" name="MTV 00s" service_type="0001"/>
			<channel service_id="6ff1" name="MTV 80s" service_type="0001"/>
			<channel service_id="6ff5" name="Nick Jr" service_type="0001"/>
			<channel service_id="6ff6" name="Nick Jr." service_type="0001"/>
			<channel service_id="6ff7" name="Nick Jr.." service_type="0001"/>
			<channel service_id="6ff9" name="Nick Junior Global" service_type="0001"/>
			<channel service_id="6ffb" name="Nick.Jr." service_type="0001"/>
			<channel service_id="6ffc" name="Nick_Jr." service_type="0001"/>
			<channel service_id="6ffd" name="Nick_Jr_" service_type="0001"/>
			<channel service_id="6ffe" name="Nickelodeon Ukraine Pluto TV" service_type="0001"/>
			<channel service_id="6fff" name="MTV" service_type="0001"/>
			<channel service_id="7000" name="Comedy Central HD." service_type="0001"/>
			<channel service_id="7004" name="Comedy Central" service_type="0001"/>
			<channel service_id="7005" name="Nick_Jr.." service_type="0001"/>
			<channel service_id="7006" name="MTV" service_type="0001"/>
			<channel service_id="7008" name="Nick/Comedy Central+1" service_type="0001"/>
		</transponder>
		<transponder id="043a" onid="0001" frequency="12051000" inversion="2" symbol_rate="27500000" fec_inner="3" polarization="1">
			<channel service_id="4e21" name="ProSieben Schweiz" service_type="0001"/>
			<channel service_id="4e22" name="ProSieben Austria" service_type="0001"/>
			<channel service_id="4e23" name="Kabel 1 Schweiz" service_type="0001"/>
			<channel service_id="4e24" name="Kabel 1 Austria" service_type="0001"/>
			<channel service_id="4e25" name="SAT.1 A" service_type="0001"/>
			<channel service_id="4e26" name="SAT.1 CH" service_type="0001"/>
			<channel service_id="4e27" name="PULS 4 Austria" service_type="0001"/>
			<channel service_id="4e28" name="SAT.1 HH/SH" service_type="0001"/>
			<channel service_id="4e29" name="SAT.1 NS/Bremen" service_type="0001"/>
			<channel service_id="4e2a" name="SAT.1 RhlPf/Hessen" service_type="0001"/>
			<channel service_id="4e2b" name="." service_type="0001"/>
		</transponder>
		<transponder id="0431" onid="0001" frequency="12109000" inversion="2" symbol_rate="27500000" fec_inner="3" polarization="0">
			<channel service_id="6e2d" name="rbb Brandenburg" service_type="0001"/>
			<channel service_id="6e2e" name="rbb Berlin" service_type="0001"/>
			<channel service_id="6e3d" name="ARD-TEST-1" service_type="0001"/>
			<channel service_id="6e40" name="NDR FS MV" service_type="0001"/>
			<channel service_id="6e41" name="NDR FS HH" service_type="0001"/>
			<channel service_id="6e42" name="NDR FS NDS" service_type="0001"/>
			<channel service_id="6e43" name="NDR FS SH" service_type="0001"/>
			<channel service_id="6e44" name="MDR Sachsen" service_type="0001"/>
			<channel service_id="6e45" name="MDR S-Anhalt" service_type="0001"/>
			<channel service_id="6e46" name="MDR Thüringen" service_type="0001"/>
			<channel service_id="6e47" name="SWR Fernsehen RP" service_type="0001"/>
			<channel service_id="6e5a" name="ARD-Data-1" service_type="000c"/>
		</transponder>
		<transponder id="0007" onid="0085" frequency="12148000" inversion="2" symbol_rate="27500000" fec_inner="3" polarization="0">
			<channel service_id="0035" name="N24 DOKU Austria" service_type="0001"/>
			<channel service_id="0036" name="Genius exklusiv" service_type="0016"/>
			<channel service_id="003c" name="." service_type="0001"/>
			<channel service_id="003d" name="Nick/Comedy Central Austria" service_type="0001"/>
			<channel service_id="0041" name="DELUXE MUSIC" service_type="0001"/>
			<channel service_id="0046" name="." service_type="0001"/>
			<channel service_id="0047" name="TLC Austria" service_type="0001"/>
			<channel service_id="0048" name="." service_type="0001"/>
			<channel service_id="0049" name="DMAX Austria" service_type="0001"/>
			<channel service_id="00a0" name="ROCK ANTENNE" service_type="0002"/>
			<channel service_id="00a9" name="sunshine live" service_type="0002"/>
			<channel service_id="00aa" name="ANTENNE BAYERN" service_type="0002"/>
			<channel service_id="0202" name="Immer etwas Neues TV" service_type="0001"/>
			<channel service_id="02fd" name="pearl.tv Shop" service_type="0001"/>
			<channel service_id="0300" name="." service_type="0001"/>
			<channel service_id="0301" name="Channel21" service_type="0001"/>
			<channel service_id="0306" name="FOLX MUSIC TELEVISION" service_type="0001"/>
			<channel service_id="0307" name="MediaShop- Meine Einkaufswelt" service_type="0001"/>
			<channel service_id="0f03" name="12148H SID 0xf03" service_type="0064"/>
			<channel service_id="0f95" name="12148H SID 0xf95" service_type="0064"/>
			<channel service_id="0f96" name="12148H SID 0xf96" service_type="0064"/>
			<channel service_id="0f97" name="12148H SID 0xf97" service_type="0064"/>
			<channel service_id="0f9f" name="12148H SID 0xf9f" service_type="0064"/>
			<channel service_id="0fa1" name="12148H SID 0xfa1" service_type="0064"/>
			<channel service_id="0fa3" name="12148H SID 0xfa3" service_type="0064"/>
			<channel service_id="0fb7" name="12148H SID 0xfb7" service_type="0064"/>
			<channel service_id="0fc6" name="12148H SID 0xfc6" service_type="0064"/>
		</transponder>
		<transponder id="0441" onid="0001" frequency="12187000" inversion="2" symbol_rate="27500000" fec_inner="3" polarization="0">
			<channel service_id="2ee3" name="RTL Television" service_type="0001"/>
			<channel service_id="2ee4" name="RTL Regional NRW" service_type="0001"/>
			<channel service_id="2ee5" name="RTL HB NDS" service_type="0001"/>
			<channel service_id="2ee6" name="RTL Bayern" service_type="0001"/>
			<channel service_id="2ee9" name="RTL HH SH" service_type="0001"/>
			<channel service_id="2ef4" name="RTLZWEI" service_type="0001"/>
			<channel service_id="2efe" name="TOGGO plus" service_type="0001"/>
			<channel service_id="2f08" name="SUPER RTL" service_type="0001"/>
			<channel service_id="2f1c" name="VOX" service_type="0001"/>
			<channel service_id="2f1d" name="NITRO" service_type="0001"/>
			<channel service_id="2f30" name="RTLup" service_type="0001"/>
			<channel service_id="2f3a" name="ntv" service_type="0001"/>
			<channel service_id="2f3b" name="TOGGO Radio" service_type="0002"/>
		</transponder>
		<transponder id="0443" onid="0001" frequency="12226000" inversion="2" symbol_rate="27500000" fec_inner="3" polarization="0">
			<channel service_id="7080" name="RTL Austria" service_type="0001"/>
			<channel service_id="7085" name="VOX Austria" service_type="0001"/>
			<channel service_id="708a" name="RTLZWEI Austria" service_type="0001"/>
			<channel service_id="708f" name="SUPER RTL A" service_type="0001"/>
			<channel service_id="7094" name="VOXup" service_type="0001"/>
			<channel service_id="79e0" name="Eurosport 1 Deutschland" service_type="0001"/>
			<channel service_id="79ea" name="HSE Extra" service_type="0001"/>
			<channel service_id="79f4" name="EURONEWS FRENCH SD" service_type="0001"/>
			<channel service_id="79fe" name="EURONEWS GERMAN SD" service_type="0001"/>
		</transponder>
		<transponder id="044a" onid="0001" frequency="12363000" inversion="2" symbol_rate="27500000" fec_inner="3" polarization="1">
			<channel service_id="21fb" name="DATASYSTEM R9" service_type="000c"/>
			<channel service_id="238d" name="MOSAIQUE UEFA CHAMPIONS LEAGUE" service_type="00c9"/>
			<channel service_id="238e" name="AUDIO PRIMO" service_type="0002"/>
			<channel service_id="238f" name="DOWNLOAD R7 G5+ SAGEM" service_type="00c0"/>
			<channel service_id="2390" name="MES VIDEOS" service_type="00c9"/>
			<channel service_id="2391" name="12363V SID 0x2391" service_type="0001"/>
			<channel service_id="2392" name="12363V SID 0x2392" service_type="0001"/>
			<channel service_id="2393" name="12363V SID 0x2393" service_type="0001"/>
			<channel service_id="2394" name="12363V SID 0x2394" service_type="0001"/>
			<channel service_id="2398" name="DOWNLOAD R7 G5 PACE" service_type="00c0"/>
			<channel service_id="2399" name="RADIOS 2" service_type="00c6"/>
			<channel service_id="239a" name="RADIOS 1" service_type="00c6"/>
			<channel service_id="239b" name="RF" service_type="00c6"/>
			<channel service_id="239c" name="RADIOS 3" service_type="00c6"/>
			<channel service_id="239d" name="." service_type="00c9"/>
			<channel service_id="239e" name="12363V SID 0x239e" service_type="0064"/>
			<channel service_id="239f" name="DOWNLOAD R7 G5 SAMSUNG" service_type="00c0"/>
			<channel service_id="23a2" name="DEUTSCHE GRAMMOPHON+" service_type="00c9"/>
			<channel service_id="23a3" name="TOUS VOS PROGRAMMES" service_type="00c9"/>
			<channel service_id="23a4" name="ASSOCIATION MATERIEL" service_type="0019"/>
			<channel service_id="23a5" name="NETFLIX" service_type="00c9"/>
			<channel service_id="23a6" name="DOWNLOAD SAGEM" service_type="00c0"/>
			<channel service_id="23a7" name="DOWNLOAD HUMAX" service_type="00c0"/>
			<channel service_id="23a8" name="LICENCE DVL" service_type="00d0"/>
			<channel service_id="23aa" name="6PLAY" service_type="00c9"/>
			<channel service_id="23ab" name="CANAL VOD" service_type="00c9"/>
			<channel service_id="23ac" name="ESPACE CLIENT" service_type="00c9"/>
			<channel service_id="23ad" name="CANAL+SERIES" service_type="00c9"/>
			<channel service_id="23ae" name="DOWNLOAD CPRO V2 9134" service_type="00c0"/>
			<channel service_id="23af" name="12363V SID 0x23af" service_type="0064"/>
			<channel service_id="23b0" name="PUSH VOD COLLECTIVITES" service_type="000c"/>
			<channel service_id="23b1" name="DOWNLOAD G9 9200" service_type="00c0"/>
			<channel service_id="23b2" name="DOWNLOAD G10 SAGEM" service_type="00c0"/>
			<channel service_id="23b3" name="DOWNLOAD G10 HUMAX" service_type="00c0"/>
			<channel service_id="23ba" name="DOWNLOAD G5 SAMSUNG" service_type="00c0"/>
			<channel service_id="23bb" name="DOWNLOAD G5 PACE" service_type="00c0"/>
			<channel service_id="23bc" name="12363V SID 0x23bc" service_type="0001"/>
			<channel service_id="23be" name="DOWNLOAD G5+ PACE" service_type="00c0"/>
			<channel service_id="23bf" name="DOWNLOAD G5+ SAGEM" service_type="00c0"/>
			<channel service_id="23c0" name="DOWNLOAD R7 G5+ PACE" service_type="00c0"/>
			<channel service_id="23c8" name="12363V SID 0x23c8" service_type="0064"/>
			<channel service_id="23c9" name="12363V SID 0x23c9" service_type="0064"/>
			<channel service_id="23ca" name="12363V SID 0x23ca" service_type="0064"/>
			<channel service_id="23d1" name="LE PORN" service_type="00c9"/>
			<channel service_id="23d2" name="12363V SID 0x23d2" service_type="0001"/>
			<channel service_id="23d3" name="PASS XXL DORCEL" service_type="00c9"/>
			<channel service_id="23d4" name="DIAGNOSTIC TECHNIQUE" service_type="00c9"/>
			<channel service_id="23d5" name="MYTF1" service_type="00c9"/>
			<channel service_id="23d6" name="PASS PINK X" service_type="00c9"/>
			<channel service_id="23e4" name="DONWLOAD SUISSE" service_type="00c0"/>
			<channel service_id="23e5" name="12363V SID 0x23e5" service_type="0064"/>
			<channel service_id="23e6" name="OTA REDSAT" service_type="00c0"/>
			<channel service_id="23e7" name="DOWNLOAD TNTSAT 9191" service_type="00c0"/>
			<channel service_id="23e8" name="DOWNLOAD TNTSAT 9192" service_type="00c0"/>
			<channel service_id="23e9" name="DOWNLOAD TNTSAT 9193" service_type="00c0"/>
			<channel service_id="23ec" name="12363V SID 0x23ec" service_type="0001"/>
			<channel service_id="23ed" name="DATA SERVICE R7" service_type="000c"/>
			<channel service_id="23ef" name="DATA SYSTEM[98]" service_type="00c1"/>
			<channel service_id="23f1" name="NUMEROTATIONS CANAL+" service_type="00c9"/>
			<channel service_id="23f3" name="DATA SERVICE R9" service_type="000c"/>
			<channel service_id="23f4" name="INFO TECHNIQUE" service_type="00c9"/>
		</transponder>
		<transponder id="04b1" onid="0001" frequency="12421000" inversion="2" symbol_rate="27500000" fec_inner="3" polarization="0">
			<channel service_id="6e92" name="WDR Bielefeld" service_type="0001"/>
			<channel service_id="6e93" name="WDR Dortmund" service_type="0001"/>
			<channel service_id="6e94" name="WDR Düsseldorf" service_type="0001"/>
			<channel service_id="6e95" name="WDR Essen" service_type="0001"/>
			<channel service_id="6e96" name="WDR Münster" service_type="0001"/>
			<channel service_id="6e97" name="WDR Siegen" service_type="0001"/>
			<channel service_id="6ee1" name="Radio Bremen TV" service_type="0001"/>
			<channel service_id="6ee2" name="SR Fernsehen" service_type="0001"/>
			<channel service_id="6eeb" name="WDR Test A" service_type="0001"/>
		</transponder>
		<transponder id="0005" onid="0085" frequency="12460000" inversion="2" symbol_rate="27500000" fec_inner="3" polarization="0">
			<channel service_id="0030" name="N24 DOKU" service_type="0001"/>
			<channel service_id="003e" name="EWTN katholisches TV" service_type="0001"/>
			<channel service_id="0040" name="QVC STYLE" service_type="0001"/>
			<channel service_id="00ab" name="." service_type="0002"/>
			<channel service_id="00ac" name="egoFM" service_type="0002"/>
			<channel service_id="00ad" name="Klassik Radio" service_type="0002"/>
			<channel service_id="00ae" name="." service_type="0002"/>
			<channel service_id="00af" name="." service_type="0002"/>
			<channel service_id="00b1" name="JAM FM" service_type="0002"/>
			<channel service_id="0293" name="Handystar TV" service_type="0001"/>
			<channel service_id="0296" name="1-2-3.tv" service_type="0001"/>
			<channel service_id="02fc" name="ANIXE+" service_type="0019"/>
			<channel service_id="0304" name="TLC" service_type="0001"/>
			<channel service_id="0308" name="SIXX" service_type="0001"/>
			<channel service_id="0701" name="Disney Channel" service_type="0001"/>
			<channel service_id="0702" name="QVC" service_type="0001"/>
			<channel service_id="0fa4" name="12460H SID 0xfa4" service_type="0064"/>
			<channel service_id="0fb4" name="12460H SID 0xfb4" service_type="0064"/>
			<channel service_id="0fb9" name="12460H SID 0xfb9" service_type="0064"/>
		</transponder>
		<transponder id="0021" onid="0085" frequency="12480000" inversion="2" symbol_rate="27500000" fec_inner="3" polarization="1">
			<channel service_id="0020" name="Sonnenklar TV" service_type="0001"/>
			<channel service_id="0028" name="HSE SD" service_type="0001"/>
			<channel service_id="002e" name="Handystar TV 2" service_type="0001"/>
			<channel service_id="002f" name="REGIO TV" service_type="0016"/>
			<channel service_id="0033" name="TELE 5" service_type="0001"/>
			<channel service_id="003f" name="DMAX" service_type="0001"/>
			<channel service_id="004c" name="Baden TV" service_type="0016"/>
			<channel service_id="004d" name="HSE Trend SD" service_type="0001"/>
			<channel service_id="0295" name="AstroTV" service_type="0001"/>
			<channel service_id="0381" name="Genius Trend" service_type="0001"/>
			<channel service_id="0382" name="MediaShop- Neuheiten" service_type="0001"/>
			<channel service_id="0383" name="meinTVshop" service_type="0001"/>
			<channel service_id="0384" name="SPORT1" service_type="0001"/>
		</transponder>
		<transponder id="0451" onid="0035" frequency="12515000" inversion="2" symbol_rate="22000000" fec_inner="5" polarization="0">
			<channel service_id="0fe0" name="Vivid" service_type="0016"/>
			<channel service_id="0fe1" name="Vivid CZ" service_type="0016"/>
			<channel service_id="0ff3" name="Downl CAM 2" service_type="0081"/>
			<channel service_id="0ff4" name="M7 Zenterio" service_type="000c"/>
			<channel service_id="0ff5" name="Kaon OTA" service_type="000c"/>
			<channel service_id="0ff9" name="OTA SMIT CAM 702" service_type="000c"/>
			<channel service_id="1006" name="AB3" service_type="0016"/>
			<channel service_id="100b" name="Hustler TV" service_type="0016"/>
			<channel service_id="100d" name="Hustler TV CZ" service_type="0016"/>
			<channel service_id="1012" name="Nostalgie" service_type="0002"/>
			<channel service_id="1013" name="Bergblick" service_type="0016"/>
			<channel service_id="101a" name="VRT Radio1" service_type="0002"/>
			<channel service_id="101b" name="VRT Radio2" service_type="0002"/>
			<channel service_id="101c" name="Canal+  First  HD" service_type="0019"/>
			<channel service_id="101d" name="AXN Deutschland" service_type="0016"/>
			<channel service_id="1034" name="Eleven Sports Pro League 1 FR" service_type="0016"/>
			<channel service_id="103f" name="NRJ" service_type="0002"/>
			<channel service_id="1c1e" name="EPG Nagraguide" service_type="00d4"/>
		</transponder>
		<transponder id="0453" onid="0001" frequency="12544000" inversion="2" symbol_rate="22000000" fec_inner="5" polarization="0">
			<channel service_id="445c" name="SAT.1" service_type="0001"/>
			<channel service_id="445d" name="ProSieben" service_type="0001"/>
			<channel service_id="445e" name="kabel eins" service_type="0001"/>
			<channel service_id="445f" name="WELT" service_type="0001"/>
			<channel service_id="4460" name="SAT.1 Gold" service_type="0001"/>
			<channel service_id="4461" name="Pro7 MAXX" service_type="0001"/>
			<channel service_id="4462" name="." service_type="0001"/>
			<channel service_id="4463" name="SAT.1 Bayern" service_type="0001"/>
			<channel service_id="4464" name="SAT.1 NRW" service_type="0001"/>
			<channel service_id="4465" name="kabel eins Doku" service_type="0001"/>
		</transponder>
		<transponder id="0454" onid="0001" frequency="12551000" inversion="2" symbol_rate="22000000" fec_inner="5" polarization="1">
			<channel service_id="000c" name="ASTRA SDT" service_type="0081"/>
			<channel service_id="0d42" name="QVC2" service_type="0001"/>
			<channel service_id="2f44" name="QVC Deutschland" service_type="0001"/>
			<channel service_id="2f5a" name="Bibel TV" service_type="0001"/>
			<channel service_id="2f69" name="Canal Algerie" service_type="0001"/>
			<channel service_id="2f6a" name="Algerie 3" service_type="0001"/>
			<channel service_id="2f6c" name="Cherie 25" service_type="0001"/>
			<channel service_id="2f6d" name="Cherie 25" service_type="0001"/>
			<channel service_id="2f71" name="NRJ 12" service_type="0001"/>
			<channel service_id="2f72" name="NRJ 12" service_type="0001"/>
			<channel service_id="2f9a" name="SBN International" service_type="0001"/>
		</transponder>
		<transponder id="0457" onid="0001" frequency="12603000" inversion="2" symbol_rate="22000000" fec_inner="5" polarization="0">
			<channel service_id="000d" name="ASTRA SDT" service_type="0081"/>
			<channel service_id="1c20" name="Bloomberg Europe TV" service_type="0001"/>
			<channel service_id="1c54" name="FP URMET" service_type="000c"/>
			<channel service_id="1c63" name="STB Panasonic" service_type="000c"/>
			<channel service_id="1c66" name="Datendienst T1M" service_type="000c"/>
			<channel service_id="1c71" name="Panasonic Viera" service_type="0080"/>
			<channel service_id="1c79" name="Radio Horeb" service_type="0002"/>
			<channel service_id="1c7a" name="Sky News Intl" service_type="0001"/>
			<channel service_id="1c7e" name="IDS DOWNLOAD SVC" service_type="000c"/>
			<channel service_id="1c83" name="Kathrein Download" service_type="00aa"/>
			<channel service_id="1ee6" name="SGI_1111" service_type="000c"/>
			<channel service_id="1ee7" name="SES-LCN2" service_type="0080"/>
			<channel service_id="1efb" name="RTL RADIO" service_type="0002"/>
			<channel service_id="6f76" name="WDR Aachen" service_type="0001"/>
			<channel service_id="6f77" name="WDR Wuppertal" service_type="0001"/>
			<channel service_id="6f78" name="WDR Bonn" service_type="0001"/>
			<channel service_id="6f79" name="WDR Duisburg" service_type="0001"/>
		</transponder>
		<transponder id="0459" onid="0001" frequency="12633000" inversion="2" symbol_rate="22000000" fec_inner="5" polarization="0">
			<channel service_id="3138" name="MBS - Test2" service_type="0001"/>
			<channel service_id="3139" name="K-TV" service_type="0001"/>
			<channel service_id="313c" name="Deutsches Musik Fernsehen" service_type="0001"/>
			<channel service_id="313e" name="More Than Sports TV" service_type="0001"/>
			<channel service_id="313f" name="wedo movies" service_type="0001"/>
			<channel service_id="3144" name="GayBoys LIVE" service_type="0001"/>
			<channel service_id="3145" name="RAPS" service_type="000c"/>
			<channel service_id="3146" name="rhein main tv" service_type="0001"/>
			<channel service_id="3148" name="JuweloTV" service_type="0001"/>
			<channel service_id="314a" name="Dreamgirls24 TV temp" service_type="0001"/>
			<channel service_id="314b" name="Erotiksat24 TV temp" service_type="0001"/>
			<channel service_id="314d" name="MBS - Test1" service_type="0001"/>
			<channel service_id="314e" name="Maennersache TV" service_type="0001"/>
			<channel service_id="314f" name="DateLine" service_type="0001"/>
			<channel service_id="3150" name="Fotohandy" service_type="0001"/>
			<channel service_id="3151" name="Mobile Sex" service_type="0001"/>
			<channel service_id="3152" name="SEX-Kontakte" service_type="0001"/>
			<channel service_id="3155" name="Traumfrauen TV" service_type="0001"/>
			<channel service_id="3156" name="Heiss und Sexy TV" service_type="0001"/>
			<channel service_id="3159" name="volksmusik" service_type="0001"/>
			<channel service_id="315a" name="nice" service_type="0001"/>
			<channel service_id="315b" name="Babestation24" service_type="0001"/>
			<channel service_id="315e" name="MBS - Test3" service_type="0001"/>
			<channel service_id="315f" name="EROTIKA TV - NEU!" service_type="0001"/>
			<channel service_id="3160" name="BunnyClub24" service_type="0001"/>
			<channel service_id="3161" name="Clipmobile" service_type="0001"/>
			<channel service_id="3162" name="MEGARADIOmix" service_type="0001"/>
			<channel service_id="3163" name="ALT Sendersuchlauf starten!!" service_type="0001"/>
			<channel service_id="3164" name="Schlager Radio" service_type="0001"/>
			<channel service_id="3165" name="MBS - Test6" service_type="0001"/>
			<channel service_id="3166" name="MBS - Test4" service_type="0001"/>
			<channel service_id="3167" name="MBS - Test5" service_type="0001"/>
			<channel service_id="316e" name="ffn " service_type="0002"/>
			<channel service_id="316f" name="Radio Paloma" service_type="0002"/>
			<channel service_id="3170" name="Radio HBR" service_type="0002"/>
			<channel service_id="3171" name="Radio HCJB" service_type="0002"/>
			<channel service_id="3172" name="Schlager Radio" service_type="0002"/>
			<channel service_id="3173" name="Radio Gloria" service_type="0002"/>
			<channel service_id="3178" name="Schlager Radio" service_type="0002"/>
		</transponder>
		<transponder id="045b" onid="0001" frequency="12662000" inversion="2" symbol_rate="22000000" fec_inner="5" polarization="0">
			<channel service_id="332d" name="ORF III" service_type="0001"/>
			<channel service_id="332e" name="NITRO Austria" service_type="0001"/>
			<channel service_id="332f" name="Lilo.TV" service_type="0001"/>
			<channel service_id="3330" name="LT1-OOE" service_type="0016"/>
			<channel service_id="3332" name="Shop LC" service_type="0001"/>
			<channel service_id="3333" name="VISIT-X.tv" service_type="0001"/>
			<channel service_id="3336" name="ServusTV Deutschland" service_type="0001"/>
			<channel service_id="3337" name="ServusTV Oesterreich" service_type="0001"/>
			<channel service_id="3338" name="4MEDIATHEK" service_type="0016"/>
			<channel service_id="3339" name="L-TV" service_type="0001"/>
			<channel service_id="3341" name="OE1" service_type="0002"/>
			<channel service_id="3342" name="OE1 DD" service_type="0002"/>
			<channel service_id="3343" name="OE2 W" service_type="0002"/>
			<channel service_id="3344" name="OE2 N" service_type="0002"/>
			<channel service_id="3345" name="OE2 B" service_type="0002"/>
			<channel service_id="3346" name="OE2 O" service_type="0002"/>
			<channel service_id="3347" name="OE2 S" service_type="0002"/>
			<channel service_id="3348" name="OE2 T" service_type="0002"/>
			<channel service_id="3349" name="OE2 V" service_type="0002"/>
			<channel service_id="334a" name="OE2 St" service_type="0002"/>
			<channel service_id="334b" name="OE2 K" service_type="0002"/>
			<channel service_id="334d" name="OE3" service_type="0002"/>
			<channel service_id="334e" name="FM4" service_type="0002"/>
			<channel service_id="3354" name="RADIO MARIA" service_type="0002"/>
			<channel service_id="3355" name="AstroTV HD" service_type="0019"/>
		</transponder>
		<transponder id="045d" onid="0001" frequency="12692000" inversion="2" symbol_rate="22000000" fec_inner="5" polarization="0">
			<channel service_id="32c9" name="ORF1" service_type="0001"/>
			<channel service_id="32ca" name="ORF2" service_type="0001"/>
			<channel service_id="32cb" name="ORF2 W" service_type="0001"/>
			<channel service_id="32cc" name="ORF2 N" service_type="0001"/>
			<channel service_id="32cd" name="ORF2 B" service_type="0001"/>
			<channel service_id="32ce" name="ORF2 O" service_type="0001"/>
			<channel service_id="32cf" name="ORF2 S" service_type="0001"/>
			<channel service_id="32d0" name="ORF2 T" service_type="0001"/>
			<channel service_id="32d1" name="ORF2 V" service_type="0001"/>
			<channel service_id="32d2" name="ORF2 St" service_type="0001"/>
			<channel service_id="32d3" name="ORF2 K" service_type="0001"/>
			<channel service_id="32d4" name="ATV" service_type="0001"/>
			<channel service_id="32d5" name="HITRADIO OE3" service_type="0019"/>
			<channel service_id="32d6" name="ORF2E" service_type="0001"/>
			<channel service_id="32d7" name="Mei Musi " service_type="0001"/>
			<channel service_id="32da" name="Volksmusik.TV" service_type="0016"/>
			<channel service_id="32db" name="RiC" service_type="0001"/>
			<channel service_id="32dd" name="ntv Austria" service_type="0016"/>
			<channel service_id="32de" name="Wir24TV" service_type="0016"/>
			<channel service_id="32df" name="TV1 OOE NEU" service_type="0016"/>
		</transponder>
	</sat>
</zapit>
